jose ;Calle 64;4315698;Carmenelisa
vicente;Calle 65;4315703;Carmenelisa
carmen;Calle 665;4315708;jose
elisa;Calle 64;4315713;jose
cesar;Calle 65;4315718;carmenelisa
armando;Calle 665;4315723;carmenelisa
jabier;Calle 64;4315728;carmenelisa
fernando;Calle 65;4315733;carmenelisa
sandra;Calle 665;4315738;carmenelisa
liliana;Calle 64;4315743;carmenelisa
paula;Calle 65;4315748;cesar
fernanda;Calle 665;4315753;cesar
laura;Calle 64;4315758;jabier
camila;Calle 65;4315763;jabier
maria;Calle 665;4315768;jabier
valentina;Calle 64;4315773;jabier
daniel;Calle 65;4315778;jabier
felipe;Calle 665;4315783;jabier
juan;Calle 64;4315788;sandra
andres;Calle 65;4315793;sandra
isabella;Calle 665;4315798;sandra
mariana;Calle 64;4315803;cesar
damian;Calle 65;4315808;cesar
jose ;Calle 64;4315698;Carmenelisa
vicente;Calle 65;4315703;Carmenelisa
carmen;Calle 665;4315708;jose
elisa;Calle 64;4315713;jose
cesar;Calle 65;4315718;carmenelisa
armando;Calle 665;4315723;carmenelisa
jabier;Calle 64;4315728;carmenelisa
fernando;Calle 65;4315733;carmenelisa
sandra;Calle 665;4315738;carmenelisa
liliana;Calle 64;4315743;carmenelisa
paula;Calle 65;4315748;cesar
fernanda;Calle 665;4315753;cesar
laura;Calle 64;4315758;jabier
camila;Calle 65;4315763;jabier
maria;Calle 665;4315768;jabier
valentina;Calle 64;4315773;jabier
daniel;Calle 65;4315778;jabier
felipe;Calle 665;4315783;jabier
juan;Calle 64;4315788;sandra
andres;Calle 65;4315793;sandra
isabella;Calle 665;4315798;sandra
mariana;Calle 64;4315803;cesar
damian;Calle 65;4315808;cesar
jose ;Calle 64;4315698;Carmenelisa
vicente;Calle 65;4315703;Carmenelisa
carmen;Calle 665;4315708;jose
elisa;Calle 64;4315713;jose
cesar;Calle 65;4315718;carmenelisa
armando;Calle 665;4315723;carmenelisa
jabier;Calle 64;4315728;carmenelisa
fernando;Calle 65;4315733;carmenelisa
sandra;Calle 665;4315738;carmenelisa
liliana;Calle 64;4315743;carmenelisa
paula;Calle 65;4315748;cesar
fernanda;Calle 665;4315753;cesar
laura;Calle 64;4315758;jabier
camila;Calle 65;4315763;jabier
maria;Calle 665;4315768;jabier
valentina;Calle 64;4315773;jabier
daniel;Calle 65;4315778;jabier
felipe;Calle 665;4315783;jabier
juan;Calle 64;4315788;sandra
andres;Calle 65;4315793;sandra
isabella;Calle 665;4315798;sandra
mariana;Calle 64;4315803;cesar
damian;Calle 65;4315808;cesar
jose ;Calle 64;4315698;Carmenelisa
vicente;Calle 65;4315703;Carmenelisa
carmen;Calle 665;4315708;jose
elisa;Calle 64;4315713;jose
cesar;Calle 65;4315718;carmenelisa
armando;Calle 665;4315723;carmenelisa
jabier;Calle 64;4315728;carmenelisa
fernando;Calle 65;4315733;carmenelisa
sandra;Calle 665;4315738;carmenelisa
liliana;Calle 64;4315743;carmenelisa
paula;Calle 65;4315748;cesar
fernanda;Calle 665;4315753;cesar
laura;Calle 64;4315758;jabier
camila;Calle 65;4315763;jabier
maria;Calle 665;4315768;jabier
valentina;Calle 64;4315773;jabier
daniel;Calle 65;4315778;jabier
felipe;Calle 665;4315783;jabier
juan;Calle 64;4315788;sandra
andres;Calle 65;4315793;sandra
isabella;Calle 665;4315798;sandra
mariana;Calle 64;4315803;cesar
damian;Calle 65;4315808;cesar
jose ;Calle 64;4315698;Carmenelisa
vicente;Calle 65;4315703;Carmenelisa
carmen;Calle 665;4315708;jose
elisa;Calle 64;4315713;jose
cesar;Calle 65;4315718;carmenelisa
armando;Calle 665;4315723;carmenelisa
jabier;Calle 64;4315728;carmenelisa
fernando;Calle 65;4315733;carmenelisa
sandra;Calle 665;4315738;carmenelisa
liliana;Calle 64;4315743;carmenelisa
paula;Calle 65;4315748;cesar
fernanda;Calle 665;4315753;cesar
laura;Calle 64;4315758;jabier
camila;Calle 65;4315763;jabier
maria;Calle 665;4315768;jabier
valentina;Calle 64;4315773;jabier
daniel;Calle 65;4315778;jabier
felipe;Calle 665;4315783;jabier
juan;Calle 64;4315788;sandra
andres;Calle 65;4315793;sandra
isabella;Calle 665;4315798;sandra
mariana;Calle 64;4315803;cesar
damian;Calle 65;4315808;cesar
jose ;Calle 64;4315698;Carmenelisa
vicente;Calle 65;4315703;Carmenelisa
carmen;Calle 665;4315708;jose
elisa;Calle 64;4315713;jose
cesar;Calle 65;4315718;carmenelisa
armando;Calle 665;4315723;carmenelisa
jabier;Calle 64;4315728;carmenelisa
fernando;Calle 65;4315733;carmenelisa
sandra;Calle 665;4315738;carmenelisa
liliana;Calle 64;4315743;carmenelisa
paula;Calle 65;4315748;cesar
fernanda;Calle 665;4315753;cesar
laura;Calle 64;4315758;jabier
camila;Calle 65;4315763;jabier
maria;Calle 665;4315768;jabier
valentina;Calle 64;4315773;jabier
daniel;Calle 65;4315778;jabier
felipe;Calle 665;4315783;jabier
juan;Calle 64;4315788;sandra
andres;Calle 65;4315793;sandra
isabella;Calle 665;4315798;sandra
mariana;Calle 64;4315803;cesar
damian;Calle 65;4315808;cesar
jose ;Calle 64;4315698;Carmenelisa
vicente;Calle 65;4315703;Carmenelisa
carmen;Calle 665;4315708;jose
elisa;Calle 64;4315713;jose
cesar;Calle 65;4315718;carmenelisa
armando;Calle 665;4315723;carmenelisa
jabier;Calle 64;4315728;carmenelisa
fernando;Calle 65;4315733;carmenelisa
sandra;Calle 665;4315738;carmenelisa
liliana;Calle 64;4315743;carmenelisa
paula;Calle 65;4315748;cesar
fernanda;Calle 665;4315753;cesar
laura;Calle 64;4315758;jabier
camila;Calle 65;4315763;jabier
maria;Calle 665;4315768;jabier
valentina;Calle 64;4315773;jabier
daniel;Calle 65;4315778;jabier
felipe;Calle 665;4315783;jabier
juan;Calle 64;4315788;sandra
andres;Calle 65;4315793;sandra
isabella;Calle 665;4315798;sandra
mariana;Calle 64;4315803;cesar
damian;Calle 65;4315808;cesar
jose ;Calle 64;4315698;Carmenelisa
vicente;Calle 65;4315703;Carmenelisa
carmen;Calle 665;4315708;jose
elisa;Calle 64;4315713;jose
cesar;Calle 65;4315718;carmenelisa
armando;Calle 665;4315723;carmenelisa
jabier;Calle 64;4315728;carmenelisa
fernando;Calle 65;4315733;carmenelisa
sandra;Calle 665;4315738;carmenelisa
liliana;Calle 64;4315743;carmenelisa
paula;Calle 65;4315748;cesar
fernanda;Calle 665;4315753;cesar
laura;Calle 64;4315758;jabier
camila;Calle 65;4315763;jabier
maria;Calle 665;4315768;jabier
valentina;Calle 64;4315773;jabier
daniel;Calle 65;4315778;jabier
felipe;Calle 665;4315783;jabier
juan;Calle 64;4315788;sandra
andres;Calle 65;4315793;sandra
isabella;Calle 665;4315798;sandra
mariana;Calle 64;4315803;cesar
damian;Calle 65;4315808;cesar
jose ;Calle 64;4315698;Carmenelisa
vicente;Calle 65;4315703;Carmenelisa
carmen;Calle 665;4315708;jose
elisa;Calle 64;4315713;jose
cesar;Calle 65;4315718;carmenelisa
armando;Calle 665;4315723;carmenelisa
jabier;Calle 64;4315728;carmenelisa
fernando;Calle 65;4315733;carmenelisa
sandra;Calle 665;4315738;carmenelisa
liliana;Calle 64;4315743;carmenelisa
paula;Calle 65;4315748;cesar
fernanda;Calle 665;4315753;cesar
laura;Calle 64;4315758;jabier
camila;Calle 65;4315763;jabier
maria;Calle 665;4315768;jabier
valentina;Calle 64;4315773;jabier
daniel;Calle 65;4315778;jabier
felipe;Calle 665;4315783;jabier
juan;Calle 64;4315788;sandra
andres;Calle 65;4315793;sandra
isabella;Calle 665;4315798;sandra
mariana;Calle 64;4315803;cesar
damian;Calle 65;4315808;cesar
jose ;Calle 64;4315698;Carmenelisa
vicente;Calle 65;4315703;Carmenelisa
carmen;Calle 665;4315708;jose
elisa;Calle 64;4315713;jose
cesar;Calle 65;4315718;carmenelisa
armando;Calle 665;4315723;carmenelisa
jabier;Calle 64;4315728;carmenelisa
fernando;Calle 65;4315733;carmenelisa
sandra;Calle 665;4315738;carmenelisa
liliana;Calle 64;4315743;carmenelisa
paula;Calle 65;4315748;cesar
fernanda;Calle 665;4315753;cesar
laura;Calle 64;4315758;jabier
camila;Calle 65;4315763;jabier
maria;Calle 665;4315768;jabier
valentina;Calle 64;4315773;jabier
daniel;Calle 65;4315778;jabier
felipe;Calle 665;4315783;jabier
juan;Calle 64;4315788;sandra
andres;Calle 65;4315793;sandra
isabella;Calle 665;4315798;sandra
mariana;Calle 64;4315803;cesar
damian;Calle 65;4315808;cesar
jose ;Calle 64;4315698;Carmenelisa
vicente;Calle 65;4315703;Carmenelisa
carmen;Calle 665;4315708;jose
elisa;Calle 64;4315713;jose
cesar;Calle 65;4315718;carmenelisa
armando;Calle 665;4315723;carmenelisa
jabier;Calle 64;4315728;carmenelisa
fernando;Calle 65;4315733;carmenelisa
sandra;Calle 665;4315738;carmenelisa
liliana;Calle 64;4315743;carmenelisa
paula;Calle 65;4315748;cesar
fernanda;Calle 665;4315753;cesar
laura;Calle 64;4315758;jabier
camila;Calle 65;4315763;jabier
maria;Calle 665;4315768;jabier
valentina;Calle 64;4315773;jabier
daniel;Calle 65;4315778;jabier
felipe;Calle 665;4315783;jabier
juan;Calle 64;4315788;sandra
andres;Calle 65;4315793;sandra
isabella;Calle 665;4315798;sandra
mariana;Calle 64;4315803;cesar
damian;Calle 65;4315808;cesar
jose ;Calle 64;4315698;Carmenelisa
vicente;Calle 65;4315703;Carmenelisa
carmen;Calle 665;4315708;jose
elisa;Calle 64;4315713;jose
cesar;Calle 65;4315718;carmenelisa
armando;Calle 665;4315723;carmenelisa
jabier;Calle 64;4315728;carmenelisa
fernando;Calle 65;4315733;carmenelisa
sandra;Calle 665;4315738;carmenelisa
liliana;Calle 64;4315743;carmenelisa
paula;Calle 65;4315748;cesar
fernanda;Calle 665;4315753;cesar
laura;Calle 64;4315758;jabier
camila;Calle 65;4315763;jabier
maria;Calle 665;4315768;jabier
valentina;Calle 64;4315773;jabier
daniel;Calle 65;4315778;jabier
felipe;Calle 665;4315783;jabier
juan;Calle 64;4315788;sandra
andres;Calle 65;4315793;sandra
isabella;Calle 665;4315798;sandra
mariana;Calle 64;4315803;cesar
damian;Calle 65;4315808;cesar
jose ;Calle 64;4315698;Carmenelisa
vicente;Calle 65;4315703;Carmenelisa
carmen;Calle 665;4315708;jose
elisa;Calle 64;4315713;jose
cesar;Calle 65;4315718;carmenelisa
armando;Calle 665;4315723;carmenelisa
jabier;Calle 64;4315728;carmenelisa
fernando;Calle 65;4315733;carmenelisa
sandra;Calle 665;4315738;carmenelisa
liliana;Calle 64;4315743;carmenelisa
paula;Calle 65;4315748;cesar
fernanda;Calle 665;4315753;cesar
laura;Calle 64;4315758;jabier
camila;Calle 65;4315763;jabier
maria;Calle 665;4315768;jabier
valentina;Calle 64;4315773;jabier
daniel;Calle 65;4315778;jabier
felipe;Calle 665;4315783;jabier
juan;Calle 64;4315788;sandra
andres;Calle 65;4315793;sandra
isabella;Calle 665;4315798;sandra
mariana;Calle 64;4315803;cesar
damian;Calle 65;4315808;cesar
jose ;Calle 64;4315698;Carmenelisa
vicente;Calle 65;4315703;Carmenelisa
carmen;Calle 665;4315708;jose
elisa;Calle 64;4315713;jose
cesar;Calle 65;4315718;carmenelisa
armando;Calle 665;4315723;carmenelisa
jabier;Calle 64;4315728;carmenelisa
fernando;Calle 65;4315733;carmenelisa
sandra;Calle 665;4315738;carmenelisa
liliana;Calle 64;4315743;carmenelisa
paula;Calle 65;4315748;cesar
fernanda;Calle 665;4315753;cesar
laura;Calle 64;4315758;jabier
camila;Calle 65;4315763;jabier
maria;Calle 665;4315768;jabier
valentina;Calle 64;4315773;jabier
daniel;Calle 65;4315778;jabier
felipe;Calle 665;4315783;jabier
juan;Calle 64;4315788;sandra
andres;Calle 65;4315793;sandra
isabella;Calle 665;4315798;sandra
mariana;Calle 64;4315803;cesar
damian;Calle 65;4315808;cesar
jose ;Calle 64;4315698;Carmenelisa
vicente;Calle 65;4315703;Carmenelisa
carmen;Calle 665;4315708;jose
elisa;Calle 64;4315713;jose
cesar;Calle 65;4315718;carmenelisa
armando;Calle 665;4315723;carmenelisa
jabier;Calle 64;4315728;carmenelisa
fernando;Calle 65;4315733;carmenelisa
sandra;Calle 665;4315738;carmenelisa
liliana;Calle 64;4315743;carmenelisa
paula;Calle 65;4315748;cesar
fernanda;Calle 665;4315753;cesar
laura;Calle 64;4315758;jabier
camila;Calle 65;4315763;jabier
maria;Calle 665;4315768;jabier
valentina;Calle 64;4315773;jabier
daniel;Calle 65;4315778;jabier
felipe;Calle 665;4315783;jabier
juan;Calle 64;4315788;sandra
andres;Calle 65;4315793;sandra
isabella;Calle 665;4315798;sandra
mariana;Calle 64;4315803;cesar
damian;Calle 65;4315808;cesar
jose ;Calle 64;4315698;Carmenelisa
vicente;Calle 65;4315703;Carmenelisa
carmen;Calle 665;4315708;jose
elisa;Calle 64;4315713;jose
cesar;Calle 65;4315718;carmenelisa
armando;Calle 665;4315723;carmenelisa
jabier;Calle 64;4315728;carmenelisa
fernando;Calle 65;4315733;carmenelisa
sandra;Calle 665;4315738;carmenelisa
liliana;Calle 64;4315743;carmenelisa
paula;Calle 65;4315748;cesar
fernanda;Calle 665;4315753;cesar
laura;Calle 64;4315758;jabier
camila;Calle 65;4315763;jabier
maria;Calle 665;4315768;jabier
valentina;Calle 64;4315773;jabier
daniel;Calle 65;4315778;jabier
felipe;Calle 665;4315783;jabier
juan;Calle 64;4315788;sandra
andres;Calle 65;4315793;sandra
isabella;Calle 665;4315798;sandra
mariana;Calle 64;4315803;cesar
damian;Calle 65;4315808;cesar
jose ;Calle 64;4315698;Carmenelisa
vicente;Calle 65;4315703;Carmenelisa
carmen;Calle 665;4315708;jose
elisa;Calle 64;4315713;jose
cesar;Calle 65;4315718;carmenelisa
armando;Calle 665;4315723;carmenelisa
jabier;Calle 64;4315728;carmenelisa
fernando;Calle 65;4315733;carmenelisa
sandra;Calle 665;4315738;carmenelisa
liliana;Calle 64;4315743;carmenelisa
paula;Calle 65;4315748;cesar
fernanda;Calle 665;4315753;cesar
laura;Calle 64;4315758;jabier
camila;Calle 65;4315763;jabier
maria;Calle 665;4315768;jabier
valentina;Calle 64;4315773;jabier
daniel;Calle 65;4315778;jabier
felipe;Calle 665;4315783;jabier
juan;Calle 64;4315788;sandra
andres;Calle 65;4315793;sandra
isabella;Calle 665;4315798;sandra
mariana;Calle 64;4315803;cesar
damian;Calle 65;4315808;cesar
jose ;Calle 64;4315698;Carmenelisa
vicente;Calle 65;4315703;Carmenelisa
carmen;Calle 665;4315708;jose
elisa;Calle 64;4315713;jose
cesar;Calle 65;4315718;carmenelisa
armando;Calle 665;4315723;carmenelisa
jabier;Calle 64;4315728;carmenelisa
fernando;Calle 65;4315733;carmenelisa
sandra;Calle 665;4315738;carmenelisa
liliana;Calle 64;4315743;carmenelisa
paula;Calle 65;4315748;cesar
fernanda;Calle 665;4315753;cesar
laura;Calle 64;4315758;jabier
camila;Calle 65;4315763;jabier
maria;Calle 665;4315768;jabier
valentina;Calle 64;4315773;jabier
daniel;Calle 65;4315778;jabier
felipe;Calle 665;4315783;jabier
juan;Calle 64;4315788;sandra
andres;Calle 65;4315793;sandra
isabella;Calle 665;4315798;sandra
mariana;Calle 64;4315803;cesar
damian;Calle 65;4315808;cesar
jose ;Calle 64;4315698;Carmenelisa
vicente;Calle 65;4315703;Carmenelisa
carmen;Calle 665;4315708;jose
elisa;Calle 64;4315713;jose
cesar;Calle 65;4315718;carmenelisa
armando;Calle 665;4315723;carmenelisa
jabier;Calle 64;4315728;carmenelisa
fernando;Calle 65;4315733;carmenelisa
sandra;Calle 665;4315738;carmenelisa
liliana;Calle 64;4315743;carmenelisa
paula;Calle 65;4315748;cesar
fernanda;Calle 665;4315753;cesar
laura;Calle 64;4315758;jabier
camila;Calle 65;4315763;jabier
maria;Calle 665;4315768;jabier
valentina;Calle 64;4315773;jabier
daniel;Calle 65;4315778;jabier
felipe;Calle 665;4315783;jabier
juan;Calle 64;4315788;sandra
andres;Calle 65;4315793;sandra
isabella;Calle 665;4315798;sandra
mariana;Calle 64;4315803;cesar
damian;Calle 65;4315808;cesar
jose ;Calle 64;4315698;Carmenelisa
vicente;Calle 65;4315703;Carmenelisa
carmen;Calle 665;4315708;jose
elisa;Calle 64;4315713;jose
cesar;Calle 65;4315718;carmenelisa
armando;Calle 665;4315723;carmenelisa
jabier;Calle 64;4315728;carmenelisa
fernando;Calle 65;4315733;carmenelisa
sandra;Calle 665;4315738;carmenelisa
liliana;Calle 64;4315743;carmenelisa
paula;Calle 65;4315748;cesar
fernanda;Calle 665;4315753;cesar
laura;Calle 64;4315758;jabier
camila;Calle 65;4315763;jabier
maria;Calle 665;4315768;jabier
valentina;Calle 64;4315773;jabier
daniel;Calle 65;4315778;jabier
felipe;Calle 665;4315783;jabier
juan;Calle 64;4315788;sandra
andres;Calle 65;4315793;sandra
isabella;Calle 665;4315798;sandra
mariana;Calle 64;4315803;cesar
damian;Calle 65;4315808;cesar
jose ;Calle 64;4315698;Carmenelisa
vicente;Calle 65;4315703;Carmenelisa
carmen;Calle 665;4315708;jose
elisa;Calle 64;4315713;jose
cesar;Calle 65;4315718;carmenelisa
armando;Calle 665;4315723;carmenelisa
jabier;Calle 64;4315728;carmenelisa
fernando;Calle 65;4315733;carmenelisa
sandra;Calle 665;4315738;carmenelisa
liliana;Calle 64;4315743;carmenelisa
paula;Calle 65;4315748;cesar
fernanda;Calle 665;4315753;cesar
laura;Calle 64;4315758;jabier
camila;Calle 65;4315763;jabier
maria;Calle 665;4315768;jabier
valentina;Calle 64;4315773;jabier
daniel;Calle 65;4315778;jabier
felipe;Calle 665;4315783;jabier
juan;Calle 64;4315788;sandra
andres;Calle 65;4315793;sandra
isabella;Calle 665;4315798;sandra
mariana;Calle 64;4315803;cesar
damian;Calle 65;4315808;cesar
jose ;Calle 64;4315698;Carmenelisa
vicente;Calle 65;4315703;Carmenelisa
carmen;Calle 665;4315708;jose
elisa;Calle 64;4315713;jose
cesar;Calle 65;4315718;carmenelisa
armando;Calle 665;4315723;carmenelisa
jabier;Calle 64;4315728;carmenelisa
fernando;Calle 65;4315733;carmenelisa
sandra;Calle 665;4315738;carmenelisa
liliana;Calle 64;4315743;carmenelisa
paula;Calle 65;4315748;cesar
fernanda;Calle 665;4315753;cesar
laura;Calle 64;4315758;jabier
camila;Calle 65;4315763;jabier
maria;Calle 665;4315768;jabier
valentina;Calle 64;4315773;jabier
daniel;Calle 65;4315778;jabier
felipe;Calle 665;4315783;jabier
juan;Calle 64;4315788;sandra
andres;Calle 65;4315793;sandra
isabella;Calle 665;4315798;sandra
mariana;Calle 64;4315803;cesar
damian;Calle 65;4315808;cesar
jose ;Calle 64;4315698;Carmenelisa
vicente;Calle 65;4315703;Carmenelisa
carmen;Calle 665;4315708;jose
elisa;Calle 64;4315713;jose
cesar;Calle 65;4315718;carmenelisa
armando;Calle 665;4315723;carmenelisa
jabier;Calle 64;4315728;carmenelisa
fernando;Calle 65;4315733;carmenelisa
sandra;Calle 665;4315738;carmenelisa
liliana;Calle 64;4315743;carmenelisa
paula;Calle 65;4315748;cesar
fernanda;Calle 665;4315753;cesar
laura;Calle 64;4315758;jabier
camila;Calle 65;4315763;jabier
maria;Calle 665;4315768;jabier
valentina;Calle 64;4315773;jabier
daniel;Calle 65;4315778;jabier
felipe;Calle 665;4315783;jabier
juan;Calle 64;4315788;sandra
andres;Calle 65;4315793;sandra
isabella;Calle 665;4315798;sandra
mariana;Calle 64;4315803;cesar
damian;Calle 65;4315808;cesar
jose ;Calle 64;4315698;Carmenelisa
vicente;Calle 65;4315703;Carmenelisa
carmen;Calle 665;4315708;jose
elisa;Calle 64;4315713;jose
cesar;Calle 65;4315718;carmenelisa
armando;Calle 665;4315723;carmenelisa
jabier;Calle 64;4315728;carmenelisa
fernando;Calle 65;4315733;carmenelisa
sandra;Calle 665;4315738;carmenelisa
liliana;Calle 64;4315743;carmenelisa
paula;Calle 65;4315748;cesar
fernanda;Calle 665;4315753;cesar
laura;Calle 64;4315758;jabier
camila;Calle 65;4315763;jabier
maria;Calle 665;4315768;jabier
valentina;Calle 64;4315773;jabier
daniel;Calle 65;4315778;jabier
felipe;Calle 665;4315783;jabier
juan;Calle 64;4315788;sandra
andres;Calle 65;4315793;sandra
isabella;Calle 665;4315798;sandra
mariana;Calle 64;4315803;cesar
damian;Calle 65;4315808;cesar
jose ;Calle 64;4315698;Carmenelisa
vicente;Calle 65;4315703;Carmenelisa
carmen;Calle 665;4315708;jose
elisa;Calle 64;4315713;jose
cesar;Calle 65;4315718;carmenelisa
armando;Calle 665;4315723;carmenelisa
jabier;Calle 64;4315728;carmenelisa
fernando;Calle 65;4315733;carmenelisa
sandra;Calle 665;4315738;carmenelisa
liliana;Calle 64;4315743;carmenelisa
paula;Calle 65;4315748;cesar
fernanda;Calle 665;4315753;cesar
laura;Calle 64;4315758;jabier
camila;Calle 65;4315763;jabier
maria;Calle 665;4315768;jabier
valentina;Calle 64;4315773;jabier
daniel;Calle 65;4315778;jabier
felipe;Calle 665;4315783;jabier
juan;Calle 64;4315788;sandra
andres;Calle 65;4315793;sandra
isabella;Calle 665;4315798;sandra
mariana;Calle 64;4315803;cesar
damian;Calle 65;4315808;cesar
jose ;Calle 64;4315698;Carmenelisa
vicente;Calle 65;4315703;Carmenelisa
carmen;Calle 665;4315708;jose
elisa;Calle 64;4315713;jose
cesar;Calle 65;4315718;carmenelisa
armando;Calle 665;4315723;carmenelisa
jabier;Calle 64;4315728;carmenelisa
fernando;Calle 65;4315733;carmenelisa
sandra;Calle 665;4315738;carmenelisa
liliana;Calle 64;4315743;carmenelisa
paula;Calle 65;4315748;cesar
fernanda;Calle 665;4315753;cesar
laura;Calle 64;4315758;jabier
camila;Calle 65;4315763;jabier
maria;Calle 665;4315768;jabier
valentina;Calle 64;4315773;jabier
daniel;Calle 65;4315778;jabier
felipe;Calle 665;4315783;jabier
juan;Calle 64;4315788;sandra
andres;Calle 65;4315793;sandra
isabella;Calle 665;4315798;sandra
mariana;Calle 64;4315803;cesar
damian;Calle 65;4315808;cesar
jose ;Calle 64;4315698;Carmenelisa
vicente;Calle 65;4315703;Carmenelisa
carmen;Calle 665;4315708;jose
elisa;Calle 64;4315713;jose
cesar;Calle 65;4315718;carmenelisa
armando;Calle 665;4315723;carmenelisa
jabier;Calle 64;4315728;carmenelisa
fernando;Calle 65;4315733;carmenelisa
sandra;Calle 665;4315738;carmenelisa
liliana;Calle 64;4315743;carmenelisa
paula;Calle 65;4315748;cesar
fernanda;Calle 665;4315753;cesar
laura;Calle 64;4315758;jabier
camila;Calle 65;4315763;jabier
maria;Calle 665;4315768;jabier
valentina;Calle 64;4315773;jabier
daniel;Calle 65;4315778;jabier
felipe;Calle 665;4315783;jabier
juan;Calle 64;4315788;sandra
andres;Calle 65;4315793;sandra
isabella;Calle 665;4315798;sandra
mariana;Calle 64;4315803;cesar
damian;Calle 65;4315808;cesar
jose ;Calle 64;4315698;Carmenelisa
vicente;Calle 65;4315703;Carmenelisa
carmen;Calle 665;4315708;jose
elisa;Calle 64;4315713;jose
cesar;Calle 65;4315718;carmenelisa
armando;Calle 665;4315723;carmenelisa
jabier;Calle 64;4315728;carmenelisa
fernando;Calle 65;4315733;carmenelisa
sandra;Calle 665;4315738;carmenelisa
liliana;Calle 64;4315743;carmenelisa
paula;Calle 65;4315748;cesar
fernanda;Calle 665;4315753;cesar
laura;Calle 64;4315758;jabier
camila;Calle 65;4315763;jabier
maria;Calle 665;4315768;jabier
valentina;Calle 64;4315773;jabier
daniel;Calle 65;4315778;jabier
felipe;Calle 665;4315783;jabier
juan;Calle 64;4315788;sandra
andres;Calle 65;4315793;sandra
isabella;Calle 665;4315798;sandra
mariana;Calle 64;4315803;cesar
damian;Calle 65;4315808;cesar
jose ;Calle 64;4315698;Carmenelisa
vicente;Calle 65;4315703;Carmenelisa
carmen;Calle 665;4315708;jose
elisa;Calle 64;4315713;jose
cesar;Calle 65;4315718;carmenelisa
armando;Calle 665;4315723;carmenelisa
jabier;Calle 64;4315728;carmenelisa
fernando;Calle 65;4315733;carmenelisa
sandra;Calle 665;4315738;carmenelisa
liliana;Calle 64;4315743;carmenelisa
paula;Calle 65;4315748;cesar
fernanda;Calle 665;4315753;cesar
laura;Calle 64;4315758;jabier
camila;Calle 65;4315763;jabier
maria;Calle 665;4315768;jabier
valentina;Calle 64;4315773;jabier
daniel;Calle 65;4315778;jabier
felipe;Calle 665;4315783;jabier
juan;Calle 64;4315788;sandra
andres;Calle 65;4315793;sandra
isabella;Calle 665;4315798;sandra
mariana;Calle 64;4315803;cesar
damian;Calle 65;4315808;cesar
jose ;Calle 64;4315698;Carmenelisa
vicente;Calle 65;4315703;Carmenelisa
carmen;Calle 665;4315708;jose
elisa;Calle 64;4315713;jose
cesar;Calle 65;4315718;carmenelisa
armando;Calle 665;4315723;carmenelisa
jabier;Calle 64;4315728;carmenelisa
fernando;Calle 65;4315733;carmenelisa
sandra;Calle 665;4315738;carmenelisa
liliana;Calle 64;4315743;carmenelisa
paula;Calle 65;4315748;cesar
fernanda;Calle 665;4315753;cesar
laura;Calle 64;4315758;jabier
camila;Calle 65;4315763;jabier
maria;Calle 665;4315768;jabier
valentina;Calle 64;4315773;jabier
daniel;Calle 65;4315778;jabier
felipe;Calle 665;4315783;jabier
juan;Calle 64;4315788;sandra
andres;Calle 65;4315793;sandra
isabella;Calle 665;4315798;sandra
mariana;Calle 64;4315803;cesar
damian;Calle 65;4315808;cesar
jose ;Calle 64;4315698;Carmenelisa
vicente;Calle 65;4315703;Carmenelisa
carmen;Calle 665;4315708;jose
elisa;Calle 64;4315713;jose
cesar;Calle 65;4315718;carmenelisa
armando;Calle 665;4315723;carmenelisa
jabier;Calle 64;4315728;carmenelisa
fernando;Calle 65;4315733;carmenelisa
sandra;Calle 665;4315738;carmenelisa
liliana;Calle 64;4315743;carmenelisa
paula;Calle 65;4315748;cesar
fernanda;Calle 665;4315753;cesar
laura;Calle 64;4315758;jabier
camila;Calle 65;4315763;jabier
maria;Calle 665;4315768;jabier
valentina;Calle 64;4315773;jabier
daniel;Calle 65;4315778;jabier
felipe;Calle 665;4315783;jabier
juan;Calle 64;4315788;sandra
andres;Calle 65;4315793;sandra
isabella;Calle 665;4315798;sandra
mariana;Calle 64;4315803;cesar
damian;Calle 65;4315808;cesar
jose ;Calle 64;4315698;Carmenelisa
vicente;Calle 65;4315703;Carmenelisa
carmen;Calle 665;4315708;jose
elisa;Calle 64;4315713;jose
cesar;Calle 65;4315718;carmenelisa
armando;Calle 665;4315723;carmenelisa
jabier;Calle 64;4315728;carmenelisa
fernando;Calle 65;4315733;carmenelisa
sandra;Calle 665;4315738;carmenelisa
liliana;Calle 64;4315743;carmenelisa
paula;Calle 65;4315748;cesar
fernanda;Calle 665;4315753;cesar
laura;Calle 64;4315758;jabier
camila;Calle 65;4315763;jabier
maria;Calle 665;4315768;jabier
valentina;Calle 64;4315773;jabier
daniel;Calle 65;4315778;jabier
felipe;Calle 665;4315783;jabier
juan;Calle 64;4315788;sandra
andres;Calle 65;4315793;sandra
isabella;Calle 665;4315798;sandra
mariana;Calle 64;4315803;cesar
damian;Calle 65;4315808;cesar
jose ;Calle 64;4315698;Carmenelisa
vicente;Calle 65;4315703;Carmenelisa
carmen;Calle 665;4315708;jose
elisa;Calle 64;4315713;jose
cesar;Calle 65;4315718;carmenelisa
armando;Calle 665;4315723;carmenelisa
jabier;Calle 64;4315728;carmenelisa
fernando;Calle 65;4315733;carmenelisa
sandra;Calle 665;4315738;carmenelisa
liliana;Calle 64;4315743;carmenelisa
paula;Calle 65;4315748;cesar
fernanda;Calle 665;4315753;cesar
laura;Calle 64;4315758;jabier
camila;Calle 65;4315763;jabier
maria;Calle 665;4315768;jabier
valentina;Calle 64;4315773;jabier
daniel;Calle 65;4315778;jabier
felipe;Calle 665;4315783;jabier
juan;Calle 64;4315788;sandra
andres;Calle 65;4315793;sandra
isabella;Calle 665;4315798;sandra
mariana;Calle 64;4315803;cesar
damian;Calle 65;4315808;cesar
jose ;Calle 64;4315698;Carmenelisa
vicente;Calle 65;4315703;Carmenelisa
carmen;Calle 665;4315708;jose
elisa;Calle 64;4315713;jose
cesar;Calle 65;4315718;carmenelisa
armando;Calle 665;4315723;carmenelisa
jabier;Calle 64;4315728;carmenelisa
fernando;Calle 65;4315733;carmenelisa
sandra;Calle 665;4315738;carmenelisa
liliana;Calle 64;4315743;carmenelisa
paula;Calle 65;4315748;cesar
fernanda;Calle 665;4315753;cesar
laura;Calle 64;4315758;jabier
camila;Calle 65;4315763;jabier
maria;Calle 665;4315768;jabier
valentina;Calle 64;4315773;jabier
daniel;Calle 65;4315778;jabier
felipe;Calle 665;4315783;jabier
juan;Calle 64;4315788;sandra
andres;Calle 65;4315793;sandra
isabella;Calle 665;4315798;sandra
mariana;Calle 64;4315803;cesar
damian;Calle 65;4315808;cesar
jose ;Calle 64;4315698;Carmenelisa
vicente;Calle 65;4315703;Carmenelisa
carmen;Calle 665;4315708;jose
elisa;Calle 64;4315713;jose
cesar;Calle 65;4315718;carmenelisa
armando;Calle 665;4315723;carmenelisa
jabier;Calle 64;4315728;carmenelisa
fernando;Calle 65;4315733;carmenelisa
sandra;Calle 665;4315738;carmenelisa
liliana;Calle 64;4315743;carmenelisa
paula;Calle 65;4315748;cesar
fernanda;Calle 665;4315753;cesar
laura;Calle 64;4315758;jabier
camila;Calle 65;4315763;jabier
maria;Calle 665;4315768;jabier
valentina;Calle 64;4315773;jabier
daniel;Calle 65;4315778;jabier
felipe;Calle 665;4315783;jabier
juan;Calle 64;4315788;sandra
andres;Calle 65;4315793;sandra
isabella;Calle 665;4315798;sandra
mariana;Calle 64;4315803;cesar
damian;Calle 65;4315808;cesar
jose ;Calle 64;4315698;Carmenelisa
vicente;Calle 65;4315703;Carmenelisa
carmen;Calle 665;4315708;jose
elisa;Calle 64;4315713;jose
cesar;Calle 65;4315718;carmenelisa
armando;Calle 665;4315723;carmenelisa
jabier;Calle 64;4315728;carmenelisa
fernando;Calle 65;4315733;carmenelisa
sandra;Calle 665;4315738;carmenelisa
liliana;Calle 64;4315743;carmenelisa
paula;Calle 65;4315748;cesar
fernanda;Calle 665;4315753;cesar
laura;Calle 64;4315758;jabier
camila;Calle 65;4315763;jabier
maria;Calle 665;4315768;jabier
valentina;Calle 64;4315773;jabier
daniel;Calle 65;4315778;jabier
felipe;Calle 665;4315783;jabier
juan;Calle 64;4315788;sandra
andres;Calle 65;4315793;sandra
isabella;Calle 665;4315798;sandra
mariana;Calle 64;4315803;cesar
damian;Calle 65;4315808;cesar
jose ;Calle 64;4315698;Carmenelisa
vicente;Calle 65;4315703;Carmenelisa
carmen;Calle 665;4315708;jose
elisa;Calle 64;4315713;jose
cesar;Calle 65;4315718;carmenelisa
armando;Calle 665;4315723;carmenelisa
jabier;Calle 64;4315728;carmenelisa
fernando;Calle 65;4315733;carmenelisa
sandra;Calle 665;4315738;carmenelisa
liliana;Calle 64;4315743;carmenelisa
paula;Calle 65;4315748;cesar
fernanda;Calle 665;4315753;cesar
laura;Calle 64;4315758;jabier
camila;Calle 65;4315763;jabier
maria;Calle 665;4315768;jabier
valentina;Calle 64;4315773;jabier
daniel;Calle 65;4315778;jabier
felipe;Calle 665;4315783;jabier
juan;Calle 64;4315788;sandra
andres;Calle 65;4315793;sandra
isabella;Calle 665;4315798;sandra
mariana;Calle 64;4315803;cesar
damian;Calle 65;4315808;cesar
jose ;Calle 64;4315698;Carmenelisa
vicente;Calle 65;4315703;Carmenelisa
carmen;Calle 665;4315708;jose
elisa;Calle 64;4315713;jose
cesar;Calle 65;4315718;carmenelisa
armando;Calle 665;4315723;carmenelisa
jabier;Calle 64;4315728;carmenelisa
fernando;Calle 65;4315733;carmenelisa
sandra;Calle 665;4315738;carmenelisa
liliana;Calle 64;4315743;carmenelisa
paula;Calle 65;4315748;cesar
fernanda;Calle 665;4315753;cesar
laura;Calle 64;4315758;jabier
camila;Calle 65;4315763;jabier
maria;Calle 665;4315768;jabier
valentina;Calle 64;4315773;jabier
daniel;Calle 65;4315778;jabier
felipe;Calle 665;4315783;jabier
juan;Calle 64;4315788;sandra
andres;Calle 65;4315793;sandra
isabella;Calle 665;4315798;sandra
mariana;Calle 64;4315803;cesar
damian;Calle 65;4315808;cesar
jose ;Calle 64;4315698;Carmenelisa
vicente;Calle 65;4315703;Carmenelisa
carmen;Calle 665;4315708;jose
elisa;Calle 64;4315713;jose
cesar;Calle 65;4315718;carmenelisa
armando;Calle 665;4315723;carmenelisa
jabier;Calle 64;4315728;carmenelisa
fernando;Calle 65;4315733;carmenelisa
sandra;Calle 665;4315738;carmenelisa
liliana;Calle 64;4315743;carmenelisa
paula;Calle 65;4315748;cesar
fernanda;Calle 665;4315753;cesar
laura;Calle 64;4315758;jabier
camila;Calle 65;4315763;jabier
maria;Calle 665;4315768;jabier
valentina;Calle 64;4315773;jabier
daniel;Calle 65;4315778;jabier
felipe;Calle 665;4315783;jabier
juan;Calle 64;4315788;sandra
andres;Calle 65;4315793;sandra
isabella;Calle 665;4315798;sandra
mariana;Calle 64;4315803;cesar
damian;Calle 65;4315808;cesar
jose ;Calle 64;4315698;Carmenelisa
vicente;Calle 65;4315703;Carmenelisa
carmen;Calle 665;4315708;jose
elisa;Calle 64;4315713;jose
cesar;Calle 65;4315718;carmenelisa
armando;Calle 665;4315723;carmenelisa
jabier;Calle 64;4315728;carmenelisa
fernando;Calle 65;4315733;carmenelisa
sandra;Calle 665;4315738;carmenelisa
liliana;Calle 64;4315743;carmenelisa
paula;Calle 65;4315748;cesar
fernanda;Calle 665;4315753;cesar
laura;Calle 64;4315758;jabier
camila;Calle 65;4315763;jabier
maria;Calle 665;4315768;jabier
valentina;Calle 64;4315773;jabier
daniel;Calle 65;4315778;jabier
felipe;Calle 665;4315783;jabier
juan;Calle 64;4315788;sandra
andres;Calle 65;4315793;sandra
isabella;Calle 665;4315798;sandra
mariana;Calle 64;4315803;cesar
damian;Calle 65;4315808;cesar
